{
   "createdAt" : 1557893766566,
   "files" : [
      {
         "connectionData" : "",
         "filename" : "16375a31-763f-4b57-82b0-1ee4de143ae0.webm",
         "size" : 74536,
         "startTimeOffset" : 55395,
         "stopTimeOffset" : 133305,
         "streamId" : "16375a31-763f-4b57-82b0-1ee4de143ae0",
         "videoType" : "camera"
      },
      {
         "connectionData" : "",
         "filename" : "e308edd2-dbb8-4cad-92f8-ef9653cf7a76.webm",
         "size" : 7979102,
         "startTimeOffset" : 16182,
         "stopTimeOffset" : 80559,
         "streamId" : "e308edd2-dbb8-4cad-92f8-ef9653cf7a76",
         "videoType" : "screen"
      },
      {
         "connectionData" : "",
         "filename" : "cc5b08b8-bed3-4026-ad35-9a0d96324068.webm",
         "size" : 9410829,
         "startTimeOffset" : 1715,
         "stopTimeOffset" : 93016,
         "streamId" : "cc5b08b8-bed3-4026-ad35-9a0d96324068",
         "videoType" : "camera"
      }
   ],
   "id" : "c501d99c-9ae2-4701-8465-ca91fdee64ea",
   "name" : "yW0lP8YVyD9RRyq4180z - 1557893709290",
   "partnerId" : "46305342",
   "sessionId" : "1_MX40NjMwNTM0Mn5-MTU1Nzg5MzcwNzYxMn50Z0tmSTAzS1NzUTZGVkdDRkhPbE4zUWN-fg"
}
